Timestamp,Task_req
2015-09-21T00:00:00+00:00,6
2015-09-21T00:06:00+00:00,6
2015-09-21T00:12:00+00:00,7
2015-09-21T00:18:00+00:00,7
2015-09-21T00:24:00+00:00,6
2015-09-21T00:30:00+00:00,6
2015-09-21T00:36:00+00:00,6
2015-09-21T00:42:00+00:00,6
2015-09-21T00:48:00+00:00,6
2015-09-21T00:54:00+00:00,6
2015-09-21T01:00:00+00:00,6
2015-09-21T01:06:00+00:00,6
2015-09-21T01:12:00+00:00,7
2015-09-21T01:18:00+00:00,7
2015-09-21T01:24:00+00:00,6
2015-09-21T01:30:00+00:00,6
2015-09-21T01:36:00+00:00,6
2015-09-21T01:42:00+00:00,6
2015-09-21T01:48:00+00:00,6
2015-09-21T01:54:00+00:00,6
2015-09-21T02:00:00+00:00,6
2015-09-21T02:06:00+00:00,7
2015-09-21T02:12:00+00:00,7
2015-09-21T02:18:00+00:00,7
2015-09-21T02:24:00+00:00,7
2015-09-21T02:30:00+00:00,6
2015-09-21T02:36:00+00:00,6
2015-09-21T02:42:00+00:00,7
2015-09-21T02:48:00+00:00,7
2015-09-21T02:54:00+00:00,6
2015-09-21T03:00:00+00:00,6
2015-09-21T03:06:00+00:00,6
2015-09-21T03:12:00+00:00,7
2015-09-21T03:18:00+00:00,7
2015-09-21T03:24:00+00:00,6
2015-09-21T03:30:00+00:00,6
2015-09-21T03:36:00+00:00,6
2015-09-21T03:42:00+00:00,6
2015-09-21T03:48:00+00:00,6
2015-09-21T03:54:00+00:00,6
2015-09-21T04:00:00+00:00,6
2015-09-21T04:06:00+00:00,6
2015-09-21T04:12:00+00:00,6
2015-09-21T04:18:00+00:00,6
2015-09-21T04:24:00+00:00,6
2015-09-21T04:30:00+00:00,6
2015-09-21T04:36:00+00:00,6
2015-09-21T04:42:00+00:00,6
2015-09-21T04:48:00+00:00,6
2015-09-21T04:54:00+00:00,6
2015-09-21T05:00:00+00:00,5
2015-09-21T05:06:00+00:00,6
2015-09-21T05:12:00+00:00,6
2015-09-21T05:18:00+00:00,6
2015-09-21T05:24:00+00:00,6
2015-09-21T05:30:00+00:00,6
2015-09-21T05:36:00+00:00,6
2015-09-21T05:42:00+00:00,6
2015-09-21T05:48:00+00:00,6
2015-09-21T05:54:00+00:00,6
2015-09-21T06:00:00+00:00,6
2015-09-21T06:06:00+00:00,6
2015-09-21T06:12:00+00:00,6
2015-09-21T06:18:00+00:00,6
2015-09-21T06:24:00+00:00,6
2015-09-21T06:30:00+00:00,6
2015-09-21T06:36:00+00:00,6
2015-09-21T06:42:00+00:00,7
2015-09-21T06:48:00+00:00,6
2015-09-21T06:54:00+00:00,6
2015-09-21T07:00:00+00:00,6
2015-09-21T07:06:00+00:00,6
2015-09-21T07:12:00+00:00,6
2015-09-21T07:18:00+00:00,6
2015-09-21T07:24:00+00:00,6
2015-09-21T07:30:00+00:00,6
2015-09-21T07:36:00+00:00,6
2015-09-21T07:42:00+00:00,6
2015-09-21T07:48:00+00:00,7
2015-09-21T07:54:00+00:00,6
2015-09-21T08:00:00+00:00,6
2015-09-21T08:06:00+00:00,7
2015-09-21T08:12:00+00:00,7
2015-09-21T08:18:00+00:00,7
2015-09-21T08:24:00+00:00,7
2015-09-21T08:30:00+00:00,6
2015-09-21T08:36:00+00:00,6
2015-09-21T08:42:00+00:00,6
2015-09-21T08:48:00+00:00,7
2015-09-21T08:54:00+00:00,6
2015-09-21T09:00:00+00:00,6
2015-09-21T09:06:00+00:00,6
2015-09-21T09:12:00+00:00,7
2015-09-21T09:18:00+00:00,7
2015-09-21T09:24:00+00:00,7
2015-09-21T09:30:00+00:00,7
2015-09-21T09:36:00+00:00,6
2015-09-21T09:42:00+00:00,6
2015-09-21T09:48:00+00:00,6
2015-09-21T09:54:00+00:00,6
2015-09-21T10:00:00+00:00,6
2015-09-21T10:06:00+00:00,7
2015-09-21T10:12:00+00:00,7
2015-09-21T10:18:00+00:00,8
2015-09-21T10:24:00+00:00,7
2015-09-21T10:30:00+00:00,7
2015-09-21T10:36:00+00:00,7
2015-09-21T10:42:00+00:00,6
2015-09-21T10:48:00+00:00,6
2015-09-21T10:54:00+00:00,6
2015-09-21T11:00:00+00:00,6
2015-09-21T11:06:00+00:00,7
2015-09-21T11:12:00+00:00,7
2015-09-21T11:18:00+00:00,7
2015-09-21T11:24:00+00:00,7
2015-09-21T11:30:00+00:00,7
2015-09-21T11:36:00+00:00,7
2015-09-21T11:42:00+00:00,6
2015-09-21T11:48:00+00:00,7
2015-09-21T11:54:00+00:00,6
2015-09-21T12:00:00+00:00,6
2015-09-21T12:06:00+00:00,7
2015-09-21T12:12:00+00:00,7
2015-09-21T12:18:00+00:00,7
2015-09-21T12:24:00+00:00,7
2015-09-21T12:30:00+00:00,7
2015-09-21T12:36:00+00:00,7
2015-09-21T12:42:00+00:00,7
2015-09-21T12:48:00+00:00,7
2015-09-21T12:54:00+00:00,7
2015-09-21T13:00:00+00:00,7
2015-09-21T13:06:00+00:00,7
2015-09-21T13:12:00+00:00,8
2015-09-21T13:18:00+00:00,8
2015-09-21T13:24:00+00:00,8
2015-09-21T13:30:00+00:00,8
2015-09-21T13:36:00+00:00,7
2015-09-21T13:42:00+00:00,7
2015-09-21T13:48:00+00:00,7
2015-09-21T13:54:00+00:00,7
2015-09-21T14:00:00+00:00,7
2015-09-21T14:06:00+00:00,7
2015-09-21T14:12:00+00:00,8
2015-09-21T14:18:00+00:00,9
2015-09-21T14:24:00+00:00,9
2015-09-21T14:30:00+00:00,8
2015-09-21T14:36:00+00:00,8
2015-09-21T14:42:00+00:00,8
2015-09-21T14:48:00+00:00,7
2015-09-21T14:54:00+00:00,7
2015-09-21T15:00:00+00:00,7
2015-09-21T15:06:00+00:00,8
2015-09-21T15:12:00+00:00,8
2015-09-21T15:18:00+00:00,8
2015-09-21T15:24:00+00:00,8
2015-09-21T15:30:00+00:00,8
2015-09-21T15:36:00+00:00,8
2015-09-21T15:42:00+00:00,8
2015-09-21T15:48:00+00:00,8
2015-09-21T15:54:00+00:00,8
2015-09-21T16:00:00+00:00,7
2015-09-21T16:06:00+00:00,7
2015-09-21T16:12:00+00:00,8
2015-09-21T16:18:00+00:00,8
2015-09-21T16:24:00+00:00,8
2015-09-21T16:30:00+00:00,8
2015-09-21T16:36:00+00:00,8
2015-09-21T16:42:00+00:00,7
2015-09-21T16:48:00+00:00,7
2015-09-21T16:54:00+00:00,7
2015-09-21T17:00:00+00:00,7
2015-09-21T17:06:00+00:00,7
2015-09-21T17:12:00+00:00,8
2015-09-21T17:18:00+00:00,8
2015-09-21T17:24:00+00:00,8
2015-09-21T17:30:00+00:00,8
2015-09-21T17:36:00+00:00,7
2015-09-21T17:42:00+00:00,7
2015-09-21T17:48:00+00:00,7
2015-09-21T17:54:00+00:00,7
2015-09-21T18:00:00+00:00,7
2015-09-21T18:06:00+00:00,7
2015-09-21T18:12:00+00:00,8
2015-09-21T18:18:00+00:00,8
2015-09-21T18:24:00+00:00,8
2015-09-21T18:30:00+00:00,7
2015-09-21T18:36:00+00:00,7
2015-09-21T18:42:00+00:00,7
2015-09-21T18:48:00+00:00,7
2015-09-21T18:54:00+00:00,7
2015-09-21T19:00:00+00:00,7
2015-09-21T19:06:00+00:00,7
2015-09-21T19:12:00+00:00,8
2015-09-21T19:18:00+00:00,8
2015-09-21T19:24:00+00:00,8
2015-09-21T19:30:00+00:00,8
2015-09-21T19:36:00+00:00,7
2015-09-21T19:42:00+00:00,7
2015-09-21T19:48:00+00:00,7
2015-09-21T19:54:00+00:00,7
2015-09-21T20:00:00+00:00,7
2015-09-21T20:06:00+00:00,7
2015-09-21T20:12:00+00:00,8
2015-09-21T20:18:00+00:00,8
2015-09-21T20:24:00+00:00,8
2015-09-21T20:30:00+00:00,7
2015-09-21T20:36:00+00:00,7
2015-09-21T20:42:00+00:00,7
2015-09-21T20:48:00+00:00,7
2015-09-21T20:54:00+00:00,7
2015-09-21T21:00:00+00:00,8
2015-09-21T21:06:00+00:00,7
2015-09-21T21:12:00+00:00,7
2015-09-21T21:18:00+00:00,7
2015-09-21T21:24:00+00:00,8
2015-09-21T21:30:00+00:00,7
2015-09-21T21:36:00+00:00,7
2015-09-21T21:42:00+00:00,6
2015-09-21T21:48:00+00:00,6
2015-09-21T21:54:00+00:00,6
2015-09-21T22:00:00+00:00,6
2015-09-21T22:06:00+00:00,7
2015-09-21T22:12:00+00:00,7
2015-09-21T22:18:00+00:00,7
2015-09-21T22:24:00+00:00,7
2015-09-21T22:30:00+00:00,6
2015-09-21T22:36:00+00:00,7
2015-09-21T22:42:00+00:00,7
2015-09-21T22:48:00+00:00,7
2015-09-21T22:54:00+00:00,6
2015-09-21T23:00:00+00:00,6
2015-09-21T23:06:00+00:00,6
2015-09-21T23:12:00+00:00,7
2015-09-21T23:18:00+00:00,7
2015-09-21T23:24:00+00:00,7
2015-09-21T23:30:00+00:00,6
2015-09-21T23:36:00+00:00,6
2015-09-21T23:42:00+00:00,6
2015-09-21T23:48:00+00:00,6
2015-09-21T23:54:00+00:00,6
2015-09-22T00:00:00+00:00,6
2015-09-22T00:06:00+00:00,6
2015-09-22T00:12:00+00:00,6
2015-09-22T00:18:00+00:00,6
2015-09-22T00:24:00+00:00,7
2015-09-22T00:30:00+00:00,6
2015-09-22T00:36:00+00:00,6
2015-09-22T00:42:00+00:00,6
2015-09-22T00:48:00+00:00,6
2015-09-22T00:54:00+00:00,6
2015-09-22T01:00:00+00:00,6
2015-09-22T01:06:00+00:00,6
2015-09-22T01:12:00+00:00,6
2015-09-22T01:18:00+00:00,7
2015-09-22T01:24:00+00:00,7
2015-09-22T01:30:00+00:00,6
2015-09-22T01:36:00+00:00,6
2015-09-22T01:42:00+00:00,6
2015-09-22T01:48:00+00:00,6
2015-09-22T01:54:00+00:00,6
2015-09-22T02:00:00+00:00,7
2015-09-22T02:06:00+00:00,6
2015-09-22T02:12:00+00:00,6
2015-09-22T02:18:00+00:00,6
2015-09-22T02:24:00+00:00,7
2015-09-22T02:30:00+00:00,6
2015-09-22T02:36:00+00:00,6
2015-09-22T02:42:00+00:00,6
2015-09-22T02:48:00+00:00,7
2015-09-22T02:54:00+00:00,6
2015-09-22T03:00:00+00:00,6
2015-09-22T03:06:00+00:00,6
2015-09-22T03:12:00+00:00,6
2015-09-22T03:18:00+00:00,6
2015-09-22T03:24:00+00:00,6
2015-09-22T03:30:00+00:00,6
2015-09-22T03:36:00+00:00,6
2015-09-22T03:42:00+00:00,6
2015-09-22T03:48:00+00:00,5
2015-09-22T03:54:00+00:00,6
2015-09-22T04:00:00+00:00,5
2015-09-22T04:06:00+00:00,6
2015-09-22T04:12:00+00:00,6
2015-09-22T04:18:00+00:00,6
2015-09-22T04:24:00+00:00,7
2015-09-22T04:30:00+00:00,6
2015-09-22T04:36:00+00:00,6
2015-09-22T04:42:00+00:00,6
2015-09-22T04:48:00+00:00,6
2015-09-22T04:54:00+00:00,6
2015-09-22T05:00:00+00:00,5
2015-09-22T05:06:00+00:00,6
2015-09-22T05:12:00+00:00,6
2015-09-22T05:18:00+00:00,6
2015-09-22T05:24:00+00:00,6
2015-09-22T05:30:00+00:00,6
2015-09-22T05:36:00+00:00,6
2015-09-22T05:42:00+00:00,6
2015-09-22T05:48:00+00:00,6
2015-09-22T05:54:00+00:00,6
2015-09-22T06:00:00+00:00,5
2015-09-22T06:06:00+00:00,6
2015-09-22T06:12:00+00:00,6
2015-09-22T06:18:00+00:00,6
2015-09-22T06:24:00+00:00,6
2015-09-22T06:30:00+00:00,6
2015-09-22T06:36:00+00:00,7
2015-09-22T06:42:00+00:00,7
2015-09-22T06:48:00+00:00,6
2015-09-22T06:54:00+00:00,6
2015-09-22T07:00:00+00:00,6
2015-09-22T07:06:00+00:00,6
2015-09-22T07:12:00+00:00,7
2015-09-22T07:18:00+00:00,7
2015-09-22T07:24:00+00:00,6
2015-09-22T07:30:00+00:00,6
2015-09-22T07:36:00+00:00,6
2015-09-22T07:42:00+00:00,6
2015-09-22T07:48:00+00:00,7
2015-09-22T07:54:00+00:00,6
2015-09-22T08:00:00+00:00,6
2015-09-22T08:06:00+00:00,6
2015-09-22T08:12:00+00:00,7
2015-09-22T08:18:00+00:00,7
2015-09-22T08:24:00+00:00,7
2015-09-22T08:30:00+00:00,6
2015-09-22T08:36:00+00:00,6
2015-09-22T08:42:00+00:00,6
2015-09-22T08:48:00+00:00,7
2015-09-22T08:54:00+00:00,6
2015-09-22T09:00:00+00:00,6
2015-09-22T09:06:00+00:00,6
2015-09-22T09:12:00+00:00,7
2015-09-22T09:18:00+00:00,7
2015-09-22T09:24:00+00:00,7
2015-09-22T09:30:00+00:00,7
2015-09-22T09:36:00+00:00,6
2015-09-22T09:42:00+00:00,6
2015-09-22T09:48:00+00:00,6
2015-09-22T09:54:00+00:00,6
2015-09-22T10:00:00+00:00,6
2015-09-22T10:06:00+00:00,7
2015-09-22T10:12:00+00:00,7
2015-09-22T10:18:00+00:00,7
2015-09-22T10:24:00+00:00,7
2015-09-22T10:30:00+00:00,7
2015-09-22T10:36:00+00:00,7
2015-09-22T10:42:00+00:00,6
2015-09-22T10:48:00+00:00,6
2015-09-22T10:54:00+00:00,6
2015-09-22T11:00:00+00:00,6
2015-09-22T11:06:00+00:00,6
2015-09-22T11:12:00+00:00,7
2015-09-22T11:18:00+00:00,7
2015-09-22T11:24:00+00:00,7
2015-09-22T11:30:00+00:00,7
2015-09-22T11:36:00+00:00,6
2015-09-22T11:42:00+00:00,6
2015-09-22T11:48:00+00:00,6
2015-09-22T11:54:00+00:00,6
2015-09-22T12:00:00+00:00,6
2015-09-22T12:06:00+00:00,7
2015-09-22T12:12:00+00:00,7
2015-09-22T12:18:00+00:00,7
2015-09-22T12:24:00+00:00,7
2015-09-22T12:30:00+00:00,7
2015-09-22T12:36:00+00:00,7
2015-09-22T12:42:00+00:00,7
2015-09-22T12:48:00+00:00,7
2015-09-22T12:54:00+00:00,7
2015-09-22T13:00:00+00:00,6
2015-09-22T13:06:00+00:00,7
2015-09-22T13:12:00+00:00,7
2015-09-22T13:18:00+00:00,7
2015-09-22T13:24:00+00:00,7
2015-09-22T13:30:00+00:00,7
2015-09-22T13:36:00+00:00,7
2015-09-22T13:42:00+00:00,7
2015-09-22T13:48:00+00:00,7
2015-09-22T13:54:00+00:00,7
2015-09-22T14:00:00+00:00,7
2015-09-22T14:06:00+00:00,7
2015-09-22T14:12:00+00:00,8
2015-09-22T14:18:00+00:00,8
2015-09-22T14:24:00+00:00,8
2015-09-22T14:30:00+00:00,7
2015-09-22T14:36:00+00:00,7
2015-09-22T14:42:00+00:00,8
2015-09-22T14:48:00+00:00,8
2015-09-22T14:54:00+00:00,8
2015-09-22T15:00:00+00:00,8
2015-09-22T15:06:00+00:00,8
2015-09-22T15:12:00+00:00,8
2015-09-22T15:18:00+00:00,8
2015-09-22T15:24:00+00:00,8
2015-09-22T15:30:00+00:00,8
2015-09-22T15:36:00+00:00,8
2015-09-22T15:42:00+00:00,8
2015-09-22T15:48:00+00:00,8
2015-09-22T15:54:00+00:00,8
2015-09-22T16:00:00+00:00,8
2015-09-22T16:06:00+00:00,8
2015-09-22T16:12:00+00:00,8
2015-09-22T16:18:00+00:00,8
2015-09-22T16:24:00+00:00,8
2015-09-22T16:30:00+00:00,8
2015-09-22T16:36:00+00:00,8
2015-09-22T16:42:00+00:00,8
2015-09-22T16:48:00+00:00,8
2015-09-22T16:54:00+00:00,8
2015-09-22T17:00:00+00:00,8
2015-09-22T17:06:00+00:00,8
2015-09-22T17:12:00+00:00,8
2015-09-22T17:18:00+00:00,8
2015-09-22T17:24:00+00:00,8
2015-09-22T17:30:00+00:00,8
2015-09-22T17:36:00+00:00,8
2015-09-22T17:42:00+00:00,7
2015-09-22T17:48:00+00:00,7
2015-09-22T17:54:00+00:00,7
2015-09-22T18:00:00+00:00,7
2015-09-22T18:06:00+00:00,8
2015-09-22T18:12:00+00:00,8
2015-09-22T18:18:00+00:00,8
2015-09-22T18:24:00+00:00,8
2015-09-22T18:30:00+00:00,8
2015-09-22T18:36:00+00:00,8
2015-09-22T18:42:00+00:00,7
2015-09-22T18:48:00+00:00,8
2015-09-22T18:54:00+00:00,7
2015-09-22T19:00:00+00:00,8
2015-09-22T19:06:00+00:00,8
2015-09-22T19:12:00+00:00,8
2015-09-22T19:18:00+00:00,9
2015-09-22T19:24:00+00:00,8
2015-09-22T19:30:00+00:00,8
2015-09-22T19:36:00+00:00,8
2015-09-22T19:42:00+00:00,8
2015-09-22T19:48:00+00:00,7
2015-09-22T19:54:00+00:00,7
2015-09-22T20:00:00+00:00,8
2015-09-22T20:06:00+00:00,7
2015-09-22T20:12:00+00:00,8
2015-09-22T20:18:00+00:00,8
2015-09-22T20:24:00+00:00,8
2015-09-22T20:30:00+00:00,8
2015-09-22T20:36:00+00:00,7
2015-09-22T20:42:00+00:00,7
2015-09-22T20:48:00+00:00,7
2015-09-22T20:54:00+00:00,8
2015-09-22T21:00:00+00:00,7
2015-09-22T21:06:00+00:00,7
2015-09-22T21:12:00+00:00,9
2015-09-22T21:18:00+00:00,8
2015-09-22T21:24:00+00:00,7
2015-09-22T21:30:00+00:00,7
2015-09-22T21:36:00+00:00,7
2015-09-22T21:42:00+00:00,6
2015-09-22T21:48:00+00:00,7
2015-09-22T21:54:00+00:00,7
2015-09-22T22:00:00+00:00,6
2015-09-22T22:06:00+00:00,7
2015-09-22T22:12:00+00:00,7
2015-09-22T22:18:00+00:00,7
2015-09-22T22:24:00+00:00,7
2015-09-22T22:30:00+00:00,6
2015-09-22T22:36:00+00:00,6
2015-09-22T22:42:00+00:00,6
2015-09-22T22:48:00+00:00,6
2015-09-22T22:54:00+00:00,6
2015-09-22T23:00:00+00:00,6
2015-09-22T23:06:00+00:00,6
2015-09-22T23:12:00+00:00,7
2015-09-22T23:18:00+00:00,7
2015-09-22T23:24:00+00:00,7
2015-09-22T23:30:00+00:00,6
2015-09-22T23:36:00+00:00,6
2015-09-22T23:42:00+00:00,6
2015-09-22T23:48:00+00:00,6
2015-09-22T23:54:00+00:00,6
2015-09-23T00:00:00+00:00,6
2015-09-23T00:06:00+00:00,7
2015-09-23T00:12:00+00:00,8
2015-09-23T00:18:00+00:00,8
2015-09-23T00:24:00+00:00,8
2015-09-23T00:30:00+00:00,9
2015-09-23T00:36:00+00:00,8
2015-09-23T00:42:00+00:00,7
2015-09-23T00:48:00+00:00,7
2015-09-23T00:54:00+00:00,7
2015-09-23T01:00:00+00:00,7
2015-09-23T01:06:00+00:00,7
2015-09-23T01:12:00+00:00,7
2015-09-23T01:18:00+00:00,7
2015-09-23T01:24:00+00:00,7
2015-09-23T01:30:00+00:00,7
2015-09-23T01:36:00+00:00,7
2015-09-23T01:42:00+00:00,7
2015-09-23T01:48:00+00:00,7
2015-09-23T01:54:00+00:00,6
2015-09-23T02:00:00+00:00,6
2015-09-23T02:06:00+00:00,6
2015-09-23T02:12:00+00:00,7
2015-09-23T02:18:00+00:00,7
2015-09-23T02:24:00+00:00,6
2015-09-23T02:30:00+00:00,6
2015-09-23T02:36:00+00:00,6
2015-09-23T02:42:00+00:00,7
2015-09-23T02:48:00+00:00,8
2015-09-23T02:54:00+00:00,6
2015-09-23T03:00:00+00:00,6
2015-09-23T03:06:00+00:00,6
2015-09-23T03:12:00+00:00,6
2015-09-23T03:18:00+00:00,6
2015-09-23T03:24:00+00:00,6
2015-09-23T03:30:00+00:00,6
2015-09-23T03:36:00+00:00,6
2015-09-23T03:42:00+00:00,6
2015-09-23T03:48:00+00:00,6
2015-09-23T03:54:00+00:00,6
2015-09-23T04:00:00+00:00,5
2015-09-23T04:06:00+00:00,6
2015-09-23T04:12:00+00:00,6
2015-09-23T04:18:00+00:00,6
2015-09-23T04:24:00+00:00,6
2015-09-23T04:30:00+00:00,6
2015-09-23T04:36:00+00:00,6
2015-09-23T04:42:00+00:00,6
2015-09-23T04:48:00+00:00,6
2015-09-23T04:54:00+00:00,6
2015-09-23T05:00:00+00:00,5
2015-09-23T05:06:00+00:00,6
2015-09-23T05:12:00+00:00,6
2015-09-23T05:18:00+00:00,6
2015-09-23T05:24:00+00:00,6
2015-09-23T05:30:00+00:00,6
2015-09-23T05:36:00+00:00,6
2015-09-23T05:42:00+00:00,6
2015-09-23T05:48:00+00:00,5
2015-09-23T05:54:00+00:00,5
2015-09-23T06:00:00+00:00,5
2015-09-23T06:06:00+00:00,6
2015-09-23T06:12:00+00:00,6
2015-09-23T06:18:00+00:00,6
2015-09-23T06:24:00+00:00,6
2015-09-23T06:30:00+00:00,6
2015-09-23T06:36:00+00:00,6
2015-09-23T06:42:00+00:00,7
2015-09-23T06:48:00+00:00,6
2015-09-23T06:54:00+00:00,6
2015-09-23T07:00:00+00:00,6
2015-09-23T07:06:00+00:00,6
2015-09-23T07:12:00+00:00,6
2015-09-23T07:18:00+00:00,7
2015-09-23T07:24:00+00:00,7
2015-09-23T07:30:00+00:00,7
2015-09-23T07:36:00+00:00,6
2015-09-23T07:42:00+00:00,6
2015-09-23T07:48:00+00:00,8
2015-09-23T07:54:00+00:00,6
2015-09-23T08:00:00+00:00,6
2015-09-23T08:06:00+00:00,7
2015-09-23T08:12:00+00:00,7
2015-09-23T08:18:00+00:00,7
2015-09-23T08:24:00+00:00,7
2015-09-23T08:30:00+00:00,7
2015-09-23T08:36:00+00:00,7
2015-09-23T08:42:00+00:00,6
2015-09-23T08:48:00+00:00,7
2015-09-23T08:54:00+00:00,6
2015-09-23T09:00:00+00:00,6
2015-09-23T09:06:00+00:00,7
2015-09-23T09:12:00+00:00,7
2015-09-23T09:18:00+00:00,7
2015-09-23T09:24:00+00:00,7
2015-09-23T09:30:00+00:00,6
2015-09-23T09:36:00+00:00,7
2015-09-23T09:42:00+00:00,8
2015-09-23T09:48:00+00:00,8
2015-09-23T09:54:00+00:00,8
2015-09-23T10:00:00+00:00,7
2015-09-23T10:06:00+00:00,7
2015-09-23T10:12:00+00:00,8
2015-09-23T10:18:00+00:00,8
2015-09-23T10:24:00+00:00,8
2015-09-23T10:30:00+00:00,8
2015-09-23T10:36:00+00:00,7
2015-09-23T10:42:00+00:00,7
2015-09-23T10:48:00+00:00,7
2015-09-23T10:54:00+00:00,7
2015-09-23T11:00:00+00:00,6
2015-09-23T11:06:00+00:00,6
2015-09-23T11:12:00+00:00,7
2015-09-23T11:18:00+00:00,7
2015-09-23T11:24:00+00:00,7
2015-09-23T11:30:00+00:00,7
2015-09-23T11:36:00+00:00,7
2015-09-23T11:42:00+00:00,7
2015-09-23T11:48:00+00:00,7
2015-09-23T11:54:00+00:00,6
2015-09-23T12:00:00+00:00,6
2015-09-23T12:06:00+00:00,7
2015-09-23T12:12:00+00:00,7
2015-09-23T12:18:00+00:00,7
2015-09-23T12:24:00+00:00,8
2015-09-23T12:30:00+00:00,7
2015-09-23T12:36:00+00:00,7
2015-09-23T12:42:00+00:00,7
2015-09-23T12:48:00+00:00,7
2015-09-23T12:54:00+00:00,7
2015-09-23T13:00:00+00:00,6
2015-09-23T13:06:00+00:00,7
2015-09-23T13:12:00+00:00,7
2015-09-23T13:18:00+00:00,7
2015-09-23T13:24:00+00:00,7
2015-09-23T13:30:00+00:00,7
2015-09-23T13:36:00+00:00,7
2015-09-23T13:42:00+00:00,7
2015-09-23T13:48:00+00:00,7
2015-09-23T13:54:00+00:00,7
2015-09-23T14:00:00+00:00,6
2015-09-23T14:06:00+00:00,7
2015-09-23T14:12:00+00:00,8
2015-09-23T14:18:00+00:00,8
2015-09-23T14:24:00+00:00,9
2015-09-23T14:30:00+00:00,7
2015-09-23T14:36:00+00:00,7
2015-09-23T14:42:00+00:00,7
2015-09-23T14:48:00+00:00,7
2015-09-23T14:54:00+00:00,7
2015-09-23T15:00:00+00:00,7
2015-09-23T15:06:00+00:00,7
2015-09-23T15:12:00+00:00,8
2015-09-23T15:18:00+00:00,8
2015-09-23T15:24:00+00:00,8
2015-09-23T15:30:00+00:00,8
2015-09-23T15:36:00+00:00,7
2015-09-23T15:42:00+00:00,7
2015-09-23T15:48:00+00:00,7
2015-09-23T15:54:00+00:00,7
2015-09-23T16:00:00+00:00,7
2015-09-23T16:06:00+00:00,7
2015-09-23T16:12:00+00:00,8
2015-09-23T16:18:00+00:00,8
2015-09-23T16:24:00+00:00,9
2015-09-23T16:30:00+00:00,9
2015-09-23T16:36:00+00:00,7
2015-09-23T16:42:00+00:00,7
2015-09-23T16:48:00+00:00,7
2015-09-23T16:54:00+00:00,7
2015-09-23T17:00:00+00:00,7
2015-09-23T17:06:00+00:00,7
2015-09-23T17:12:00+00:00,8
2015-09-23T17:18:00+00:00,10
2015-09-23T17:24:00+00:00,8
2015-09-23T17:30:00+00:00,7
2015-09-23T17:36:00+00:00,8
2015-09-23T17:42:00+00:00,7
2015-09-23T17:48:00+00:00,7
2015-09-23T17:54:00+00:00,7
2015-09-23T18:00:00+00:00,7
2015-09-23T18:06:00+00:00,7
2015-09-23T18:12:00+00:00,8
2015-09-23T18:18:00+00:00,8
2015-09-23T18:24:00+00:00,8
2015-09-23T18:30:00+00:00,9
2015-09-23T18:36:00+00:00,9
2015-09-23T18:42:00+00:00,8
2015-09-23T18:48:00+00:00,7
2015-09-23T18:54:00+00:00,7
2015-09-23T19:00:00+00:00,7
2015-09-23T19:06:00+00:00,8
2015-09-23T19:12:00+00:00,8
2015-09-23T19:18:00+00:00,8
2015-09-23T19:24:00+00:00,8
2015-09-23T19:30:00+00:00,8
2015-09-23T19:36:00+00:00,7
2015-09-23T19:42:00+00:00,7
2015-09-23T19:48:00+00:00,8
2015-09-23T19:54:00+00:00,7
2015-09-23T20:00:00+00:00,7
2015-09-23T20:06:00+00:00,7
2015-09-23T20:12:00+00:00,8
2015-09-23T20:18:00+00:00,8
2015-09-23T20:24:00+00:00,8
2015-09-23T20:30:00+00:00,8
2015-09-23T20:36:00+00:00,8
2015-09-23T20:42:00+00:00,7
2015-09-23T20:48:00+00:00,8
2015-09-23T20:54:00+00:00,8
2015-09-23T21:00:00+00:00,7
2015-09-23T21:06:00+00:00,7
2015-09-23T21:12:00+00:00,8
2015-09-23T21:18:00+00:00,8
2015-09-23T21:24:00+00:00,8
2015-09-23T21:30:00+00:00,7
2015-09-23T21:36:00+00:00,7
2015-09-23T21:42:00+00:00,7
2015-09-23T21:48:00+00:00,6
2015-09-23T21:54:00+00:00,6
2015-09-23T22:00:00+00:00,7
2015-09-23T22:06:00+00:00,7
2015-09-23T22:12:00+00:00,8
2015-09-23T22:18:00+00:00,7
2015-09-23T22:24:00+00:00,7
2015-09-23T22:30:00+00:00,6
2015-09-23T22:36:00+00:00,6
2015-09-23T22:42:00+00:00,6
2015-09-23T22:48:00+00:00,6
2015-09-23T22:54:00+00:00,6
2015-09-23T23:00:00+00:00,6
2015-09-23T23:06:00+00:00,6
2015-09-23T23:12:00+00:00,7
2015-09-23T23:18:00+00:00,7
2015-09-23T23:24:00+00:00,6
2015-09-23T23:30:00+00:00,6
2015-09-23T23:36:00+00:00,6
2015-09-23T23:42:00+00:00,6
2015-09-23T23:48:00+00:00,6
2015-09-23T23:54:00+00:00,6
2015-09-24T00:00:00+00:00,6
2015-09-24T00:06:00+00:00,6
2015-09-24T00:12:00+00:00,7
2015-09-24T00:18:00+00:00,7
2015-09-24T00:24:00+00:00,6
2015-09-24T00:30:00+00:00,6
2015-09-24T00:36:00+00:00,6
2015-09-24T00:42:00+00:00,6
2015-09-24T00:48:00+00:00,6
2015-09-24T00:54:00+00:00,7
2015-09-24T01:00:00+00:00,6
2015-09-24T01:06:00+00:00,6
2015-09-24T01:12:00+00:00,6
2015-09-24T01:18:00+00:00,7
2015-09-24T01:24:00+00:00,6
2015-09-24T01:30:00+00:00,6
2015-09-24T01:36:00+00:00,6
2015-09-24T01:42:00+00:00,6
2015-09-24T01:48:00+00:00,6
2015-09-24T01:54:00+00:00,7
2015-09-24T02:00:00+00:00,5
2015-09-24T02:06:00+00:00,6
2015-09-24T02:12:00+00:00,6
2015-09-24T02:18:00+00:00,6
2015-09-24T02:24:00+00:00,6
2015-09-24T02:30:00+00:00,6
2015-09-24T02:36:00+00:00,6
2015-09-24T02:42:00+00:00,6
2015-09-24T02:48:00+00:00,7
2015-09-24T02:54:00+00:00,6
2015-09-24T03:00:00+00:00,5
2015-09-24T03:06:00+00:00,6
2015-09-24T03:12:00+00:00,6
2015-09-24T03:18:00+00:00,6
2015-09-24T03:24:00+00:00,6
2015-09-24T03:30:00+00:00,6
2015-09-24T03:36:00+00:00,6
2015-09-24T03:42:00+00:00,6
2015-09-24T03:48:00+00:00,5
2015-09-24T03:54:00+00:00,5
2015-09-24T04:00:00+00:00,5
2015-09-24T04:06:00+00:00,6
2015-09-24T04:12:00+00:00,6
2015-09-24T04:18:00+00:00,6
2015-09-24T04:24:00+00:00,6
2015-09-24T04:30:00+00:00,5
2015-09-24T04:36:00+00:00,6
2015-09-24T04:42:00+00:00,6
2015-09-24T04:48:00+00:00,5
2015-09-24T04:54:00+00:00,6
2015-09-24T05:00:00+00:00,5
2015-09-24T05:06:00+00:00,6
2015-09-24T05:12:00+00:00,6
2015-09-24T05:18:00+00:00,6
2015-09-24T05:24:00+00:00,6
2015-09-24T05:30:00+00:00,6
2015-09-24T05:36:00+00:00,6
2015-09-24T05:42:00+00:00,6
2015-09-24T05:48:00+00:00,6
2015-09-24T05:54:00+00:00,5
2015-09-24T06:00:00+00:00,5
2015-09-24T06:06:00+00:00,6
2015-09-24T06:12:00+00:00,7
2015-09-24T06:18:00+00:00,6
2015-09-24T06:24:00+00:00,6
2015-09-24T06:30:00+00:00,6
2015-09-24T06:36:00+00:00,6
2015-09-24T06:42:00+00:00,6
2015-09-24T06:48:00+00:00,7
2015-09-24T06:54:00+00:00,5
2015-09-24T07:00:00+00:00,5
2015-09-24T07:06:00+00:00,6
2015-09-24T07:12:00+00:00,6
2015-09-24T07:18:00+00:00,6
2015-09-24T07:24:00+00:00,6
2015-09-24T07:30:00+00:00,6
2015-09-24T07:36:00+00:00,6
2015-09-24T07:42:00+00:00,6
2015-09-24T07:48:00+00:00,7
2015-09-24T07:54:00+00:00,6
2015-09-24T08:00:00+00:00,6
2015-09-24T08:06:00+00:00,6
2015-09-24T08:12:00+00:00,7
2015-09-24T08:18:00+00:00,6
2015-09-24T08:24:00+00:00,7
2015-09-24T08:30:00+00:00,6
2015-09-24T08:36:00+00:00,6
2015-09-24T08:42:00+00:00,6
2015-09-24T08:48:00+00:00,7
2015-09-24T08:54:00+00:00,6
2015-09-24T09:00:00+00:00,6
2015-09-24T09:06:00+00:00,6
2015-09-24T09:12:00+00:00,7
2015-09-24T09:18:00+00:00,6
2015-09-24T09:24:00+00:00,6
2015-09-24T09:30:00+00:00,6
2015-09-24T09:36:00+00:00,6
2015-09-24T09:42:00+00:00,6
2015-09-24T09:48:00+00:00,6
2015-09-24T09:54:00+00:00,6
2015-09-24T10:00:00+00:00,6
2015-09-24T10:06:00+00:00,6
2015-09-24T10:12:00+00:00,7
2015-09-24T10:18:00+00:00,7
2015-09-24T10:24:00+00:00,7
2015-09-24T10:30:00+00:00,6
2015-09-24T10:36:00+00:00,6
2015-09-24T10:42:00+00:00,6
2015-09-24T10:48:00+00:00,6
2015-09-24T10:54:00+00:00,6
2015-09-24T11:00:00+00:00,6
2015-09-24T11:06:00+00:00,6
2015-09-24T11:12:00+00:00,6
2015-09-24T11:18:00+00:00,7
2015-09-24T11:24:00+00:00,7
2015-09-24T11:30:00+00:00,6
2015-09-24T11:36:00+00:00,6
2015-09-24T11:42:00+00:00,6
2015-09-24T11:48:00+00:00,6
2015-09-24T11:54:00+00:00,6
2015-09-24T12:00:00+00:00,6
2015-09-24T12:06:00+00:00,7
2015-09-24T12:12:00+00:00,7
2015-09-24T12:18:00+00:00,7
2015-09-24T12:24:00+00:00,7
2015-09-24T12:30:00+00:00,7
2015-09-24T12:36:00+00:00,8
2015-09-24T12:42:00+00:00,7
2015-09-24T12:48:00+00:00,7
2015-09-24T12:54:00+00:00,6
2015-09-24T13:00:00+00:00,6
2015-09-24T13:06:00+00:00,7
2015-09-24T13:12:00+00:00,7
2015-09-24T13:18:00+00:00,7
2015-09-24T13:24:00+00:00,7
2015-09-24T13:30:00+00:00,7
2015-09-24T13:36:00+00:00,7
2015-09-24T13:42:00+00:00,7
2015-09-24T13:48:00+00:00,7
2015-09-24T13:54:00+00:00,7
2015-09-24T14:00:00+00:00,6
2015-09-24T14:06:00+00:00,7
2015-09-24T14:12:00+00:00,8
2015-09-24T14:18:00+00:00,7
2015-09-24T14:24:00+00:00,8
2015-09-24T14:30:00+00:00,8
2015-09-24T14:36:00+00:00,7
2015-09-24T14:42:00+00:00,7
2015-09-24T14:48:00+00:00,7
2015-09-24T14:54:00+00:00,7
2015-09-24T15:00:00+00:00,7
2015-09-24T15:06:00+00:00,7
2015-09-24T15:12:00+00:00,8
2015-09-24T15:18:00+00:00,8
2015-09-24T15:24:00+00:00,8
2015-09-24T15:30:00+00:00,8
2015-09-24T15:36:00+00:00,7
2015-09-24T15:42:00+00:00,7
2015-09-24T15:48:00+00:00,7
2015-09-24T15:54:00+00:00,7
2015-09-24T16:00:00+00:00,7
2015-09-24T16:06:00+00:00,7
2015-09-24T16:12:00+00:00,8
2015-09-24T16:18:00+00:00,8
2015-09-24T16:24:00+00:00,8
2015-09-24T16:30:00+00:00,7
2015-09-24T16:36:00+00:00,7
2015-09-24T16:42:00+00:00,7
2015-09-24T16:48:00+00:00,7
2015-09-24T16:54:00+00:00,7
2015-09-24T17:00:00+00:00,6
2015-09-24T17:06:00+00:00,7
2015-09-24T17:12:00+00:00,8
2015-09-24T17:18:00+00:00,8
2015-09-24T17:24:00+00:00,8
2015-09-24T17:30:00+00:00,8
2015-09-24T17:36:00+00:00,7
2015-09-24T17:42:00+00:00,7
2015-09-24T17:48:00+00:00,7
2015-09-24T17:54:00+00:00,7
2015-09-24T18:00:00+00:00,7
2015-09-24T18:06:00+00:00,8
2015-09-24T18:12:00+00:00,8
2015-09-24T18:18:00+00:00,8
2015-09-24T18:24:00+00:00,8
2015-09-24T18:30:00+00:00,8
2015-09-24T18:36:00+00:00,8
2015-09-24T18:42:00+00:00,7
2015-09-24T18:48:00+00:00,7
2015-09-24T18:54:00+00:00,7
2015-09-24T19:00:00+00:00,7
2015-09-24T19:06:00+00:00,7
2015-09-24T19:12:00+00:00,9
2015-09-24T19:18:00+00:00,9
2015-09-24T19:24:00+00:00,8
2015-09-24T19:30:00+00:00,8
2015-09-24T19:36:00+00:00,8
2015-09-24T19:42:00+00:00,7
2015-09-24T19:48:00+00:00,7
2015-09-24T19:54:00+00:00,7
2015-09-24T20:00:00+00:00,7
2015-09-24T20:06:00+00:00,7
2015-09-24T20:12:00+00:00,8
2015-09-24T20:18:00+00:00,8
2015-09-24T20:24:00+00:00,8
2015-09-24T20:30:00+00:00,7
2015-09-24T20:36:00+00:00,7
2015-09-24T20:42:00+00:00,7
2015-09-24T20:48:00+00:00,7
2015-09-24T20:54:00+00:00,7
2015-09-24T21:00:00+00:00,6
2015-09-24T21:06:00+00:00,7
2015-09-24T21:12:00+00:00,8
2015-09-24T21:18:00+00:00,7
2015-09-24T21:24:00+00:00,7
2015-09-24T21:30:00+00:00,7
2015-09-24T21:36:00+00:00,7
2015-09-24T21:42:00+00:00,6
2015-09-24T21:48:00+00:00,6
2015-09-24T21:54:00+00:00,6
2015-09-24T22:00:00+00:00,6
2015-09-24T22:06:00+00:00,6
2015-09-24T22:12:00+00:00,7
2015-09-24T22:18:00+00:00,7
2015-09-24T22:24:00+00:00,7
2015-09-24T22:30:00+00:00,6
2015-09-24T22:36:00+00:00,6
2015-09-24T22:42:00+00:00,6
2015-09-24T22:48:00+00:00,6
2015-09-24T22:54:00+00:00,6
2015-09-24T23:00:00+00:00,6
2015-09-24T23:06:00+00:00,6
2015-09-24T23:12:00+00:00,7
2015-09-24T23:18:00+00:00,7
2015-09-24T23:24:00+00:00,7
2015-09-24T23:30:00+00:00,6
2015-09-24T23:36:00+00:00,6
2015-09-24T23:42:00+00:00,6
2015-09-24T23:48:00+00:00,6
2015-09-24T23:54:00+00:00,6
2015-09-25T00:00:00+00:00,6
2015-09-25T00:06:00+00:00,7
2015-09-25T00:12:00+00:00,7
2015-09-25T00:18:00+00:00,7
2015-09-25T00:24:00+00:00,6
2015-09-25T00:30:00+00:00,6
2015-09-25T00:36:00+00:00,6
2015-09-25T00:42:00+00:00,6
2015-09-25T00:48:00+00:00,6
2015-09-25T00:54:00+00:00,6
2015-09-25T01:00:00+00:00,5
2015-09-25T01:06:00+00:00,6
2015-09-25T01:12:00+00:00,6
2015-09-25T01:18:00+00:00,6
2015-09-25T01:24:00+00:00,6
2015-09-25T01:30:00+00:00,6
2015-09-25T01:36:00+00:00,6
2015-09-25T01:42:00+00:00,6
2015-09-25T01:48:00+00:00,6
2015-09-25T01:54:00+00:00,6
2015-09-25T02:00:00+00:00,6
2015-09-25T02:06:00+00:00,7
2015-09-25T02:12:00+00:00,6
2015-09-25T02:18:00+00:00,6
2015-09-25T02:24:00+00:00,6
2015-09-25T02:30:00+00:00,6
2015-09-25T02:36:00+00:00,6
2015-09-25T02:42:00+00:00,6
2015-09-25T02:48:00+00:00,7
2015-09-25T02:54:00+00:00,6
2015-09-25T03:00:00+00:00,6
2015-09-25T03:06:00+00:00,6
2015-09-25T03:12:00+00:00,6
2015-09-25T03:18:00+00:00,6
2015-09-25T03:24:00+00:00,6
2015-09-25T03:30:00+00:00,6
2015-09-25T03:36:00+00:00,6
2015-09-25T03:42:00+00:00,6
2015-09-25T03:48:00+00:00,6
2015-09-25T03:54:00+00:00,5
2015-09-25T04:00:00+00:00,5
2015-09-25T04:06:00+00:00,6
2015-09-25T04:12:00+00:00,6
2015-09-25T04:18:00+00:00,6
2015-09-25T04:24:00+00:00,6
2015-09-25T04:30:00+00:00,6
2015-09-25T04:36:00+00:00,6
2015-09-25T04:42:00+00:00,5
2015-09-25T04:48:00+00:00,5
2015-09-25T04:54:00+00:00,6
2015-09-25T05:00:00+00:00,5
2015-09-25T05:06:00+00:00,6
2015-09-25T05:12:00+00:00,6
2015-09-25T05:18:00+00:00,6
2015-09-25T05:24:00+00:00,6
2015-09-25T05:30:00+00:00,6
2015-09-25T05:36:00+00:00,6
2015-09-25T05:42:00+00:00,5
2015-09-25T05:48:00+00:00,6
2015-09-25T05:54:00+00:00,6
2015-09-25T06:00:00+00:00,5
2015-09-25T06:06:00+00:00,6
2015-09-25T06:12:00+00:00,6
2015-09-25T06:18:00+00:00,7
2015-09-25T06:24:00+00:00,6
2015-09-25T06:30:00+00:00,6
2015-09-25T06:36:00+00:00,7
2015-09-25T06:42:00+00:00,7
2015-09-25T06:48:00+00:00,6
2015-09-25T06:54:00+00:00,6
2015-09-25T07:00:00+00:00,6
2015-09-25T07:06:00+00:00,7
2015-09-25T07:12:00+00:00,7
2015-09-25T07:18:00+00:00,7
2015-09-25T07:24:00+00:00,7
2015-09-25T07:30:00+00:00,6
2015-09-25T07:36:00+00:00,6
2015-09-25T07:42:00+00:00,7
2015-09-25T07:48:00+00:00,6
2015-09-25T07:54:00+00:00,6
2015-09-25T08:00:00+00:00,6
2015-09-25T08:06:00+00:00,6
2015-09-25T08:12:00+00:00,7
2015-09-25T08:18:00+00:00,7
2015-09-25T08:24:00+00:00,7
2015-09-25T08:30:00+00:00,6
2015-09-25T08:36:00+00:00,6
2015-09-25T08:42:00+00:00,6
2015-09-25T08:48:00+00:00,7
2015-09-25T08:54:00+00:00,6
2015-09-25T09:00:00+00:00,6
2015-09-25T09:06:00+00:00,7
2015-09-25T09:12:00+00:00,7
2015-09-25T09:18:00+00:00,7
2015-09-25T09:24:00+00:00,7
2015-09-25T09:30:00+00:00,7
2015-09-25T09:36:00+00:00,7
2015-09-25T09:42:00+00:00,7
2015-09-25T09:48:00+00:00,6
2015-09-25T09:54:00+00:00,6
2015-09-25T10:00:00+00:00,6
2015-09-25T10:06:00+00:00,6
2015-09-25T10:12:00+00:00,7
2015-09-25T10:18:00+00:00,8
2015-09-25T10:24:00+00:00,6
2015-09-25T10:30:00+00:00,6
2015-09-25T10:36:00+00:00,7
2015-09-25T10:42:00+00:00,6
2015-09-25T10:48:00+00:00,6
2015-09-25T10:54:00+00:00,8
2015-09-25T11:00:00+00:00,7
2015-09-25T11:06:00+00:00,6
2015-09-25T11:12:00+00:00,7
2015-09-25T11:18:00+00:00,7
2015-09-25T11:24:00+00:00,7
2015-09-25T11:30:00+00:00,7
2015-09-25T11:36:00+00:00,7
2015-09-25T11:42:00+00:00,7
2015-09-25T11:48:00+00:00,6
2015-09-25T11:54:00+00:00,6
2015-09-25T12:00:00+00:00,6
2015-09-25T12:06:00+00:00,7
2015-09-25T12:12:00+00:00,7
2015-09-25T12:18:00+00:00,7
2015-09-25T12:24:00+00:00,7
2015-09-25T12:30:00+00:00,7
2015-09-25T12:36:00+00:00,7
2015-09-25T12:42:00+00:00,6
2015-09-25T12:48:00+00:00,7
2015-09-25T12:54:00+00:00,6
2015-09-25T13:00:00+00:00,6
2015-09-25T13:06:00+00:00,6
2015-09-25T13:12:00+00:00,6
2015-09-25T13:18:00+00:00,6
2015-09-25T13:24:00+00:00,6
2015-09-25T13:30:00+00:00,6
2015-09-25T13:36:00+00:00,6
2015-09-25T13:42:00+00:00,6
2015-09-25T13:48:00+00:00,6
2015-09-25T13:54:00+00:00,6
2015-09-25T14:00:00+00:00,6
2015-09-25T14:06:00+00:00,6
2015-09-25T14:12:00+00:00,6
2015-09-25T14:18:00+00:00,6
2015-09-25T14:24:00+00:00,6
2015-09-25T14:30:00+00:00,7
2015-09-25T14:36:00+00:00,7
2015-09-25T14:42:00+00:00,7
2015-09-25T14:48:00+00:00,7
2015-09-25T14:54:00+00:00,7
2015-09-25T15:00:00+00:00,7
2015-09-25T15:06:00+00:00,8
2015-09-25T15:12:00+00:00,8
2015-09-25T15:18:00+00:00,8
2015-09-25T15:24:00+00:00,8
2015-09-25T15:30:00+00:00,8
2015-09-25T15:36:00+00:00,8
2015-09-25T15:42:00+00:00,8
2015-09-25T15:48:00+00:00,8
2015-09-25T15:54:00+00:00,7
2015-09-25T16:00:00+00:00,7
2015-09-25T16:06:00+00:00,7
2015-09-25T16:12:00+00:00,8
2015-09-25T16:18:00+00:00,8
2015-09-25T16:24:00+00:00,8
2015-09-25T16:30:00+00:00,8
2015-09-25T16:36:00+00:00,7
2015-09-25T16:42:00+00:00,7
2015-09-25T16:48:00+00:00,7
2015-09-25T16:54:00+00:00,7
2015-09-25T17:00:00+00:00,7
2015-09-25T17:06:00+00:00,7
2015-09-25T17:12:00+00:00,7
2015-09-25T17:18:00+00:00,7
2015-09-25T17:24:00+00:00,7
2015-09-25T17:30:00+00:00,7
2015-09-25T17:36:00+00:00,7
2015-09-25T17:42:00+00:00,7
2015-09-25T17:48:00+00:00,8
2015-09-25T17:54:00+00:00,7
2015-09-25T18:00:00+00:00,7
2015-09-25T18:06:00+00:00,7
2015-09-25T18:12:00+00:00,7
2015-09-25T18:18:00+00:00,7
2015-09-25T18:24:00+00:00,7
2015-09-25T18:30:00+00:00,7
2015-09-25T18:36:00+00:00,7
2015-09-25T18:42:00+00:00,7
2015-09-25T18:48:00+00:00,7
2015-09-25T18:54:00+00:00,7
2015-09-25T19:00:00+00:00,7
2015-09-25T19:06:00+00:00,7
2015-09-25T19:12:00+00:00,8
2015-09-25T19:18:00+00:00,8
2015-09-25T19:24:00+00:00,7
2015-09-25T19:30:00+00:00,7
2015-09-25T19:36:00+00:00,7
2015-09-25T19:42:00+00:00,7
2015-09-25T19:48:00+00:00,7
2015-09-25T19:54:00+00:00,7
2015-09-25T20:00:00+00:00,7
2015-09-25T20:06:00+00:00,7
2015-09-25T20:12:00+00:00,7
2015-09-25T20:18:00+00:00,8
2015-09-25T20:24:00+00:00,8
2015-09-25T20:30:00+00:00,7
2015-09-25T20:36:00+00:00,7
2015-09-25T20:42:00+00:00,7
2015-09-25T20:48:00+00:00,7
2015-09-25T20:54:00+00:00,7
2015-09-25T21:00:00+00:00,6
2015-09-25T21:06:00+00:00,7
2015-09-25T21:12:00+00:00,8
2015-09-25T21:18:00+00:00,7
2015-09-25T21:24:00+00:00,7
2015-09-25T21:30:00+00:00,7
2015-09-25T21:36:00+00:00,7
2015-09-25T21:42:00+00:00,6
2015-09-25T21:48:00+00:00,7
2015-09-25T21:54:00+00:00,6
2015-09-25T22:00:00+00:00,6
2015-09-25T22:06:00+00:00,7
2015-09-25T22:12:00+00:00,7
2015-09-25T22:18:00+00:00,7
2015-09-25T22:24:00+00:00,7
2015-09-25T22:30:00+00:00,7
2015-09-25T22:36:00+00:00,6
2015-09-25T22:42:00+00:00,6
2015-09-25T22:48:00+00:00,6
2015-09-25T22:54:00+00:00,6
2015-09-25T23:00:00+00:00,6
2015-09-25T23:06:00+00:00,6
2015-09-25T23:12:00+00:00,7
2015-09-25T23:18:00+00:00,6
2015-09-25T23:24:00+00:00,6
2015-09-25T23:30:00+00:00,6
2015-09-25T23:36:00+00:00,6
2015-09-25T23:42:00+00:00,6
2015-09-25T23:48:00+00:00,6
2015-09-25T23:54:00+00:00,5
2015-09-26T00:00:00+00:00,5
2015-09-26T00:06:00+00:00,6
2015-09-26T00:12:00+00:00,6
2015-09-26T00:18:00+00:00,6
2015-09-26T00:24:00+00:00,6
2015-09-26T00:30:00+00:00,6
2015-09-26T00:36:00+00:00,6
2015-09-26T00:42:00+00:00,5
2015-09-26T00:48:00+00:00,6
2015-09-26T00:54:00+00:00,5
2015-09-26T01:00:00+00:00,5
2015-09-26T01:06:00+00:00,6
2015-09-26T01:12:00+00:00,6
2015-09-26T01:18:00+00:00,6
2015-09-26T01:24:00+00:00,6
2015-09-26T01:30:00+00:00,6
2015-09-26T01:36:00+00:00,6
2015-09-26T01:42:00+00:00,5
2015-09-26T01:48:00+00:00,6
2015-09-26T01:54:00+00:00,5
2015-09-26T02:00:00+00:00,5
2015-09-26T02:06:00+00:00,6
2015-09-26T02:12:00+00:00,6
2015-09-26T02:18:00+00:00,6
2015-09-26T02:24:00+00:00,6
2015-09-26T02:30:00+00:00,6
2015-09-26T02:36:00+00:00,6
2015-09-26T02:42:00+00:00,6
2015-09-26T02:48:00+00:00,6
2015-09-26T02:54:00+00:00,5
2015-09-26T03:00:00+00:00,6
2015-09-26T03:06:00+00:00,6
2015-09-26T03:12:00+00:00,6
2015-09-26T03:18:00+00:00,6
2015-09-26T03:24:00+00:00,6
2015-09-26T03:30:00+00:00,6
2015-09-26T03:36:00+00:00,6
2015-09-26T03:42:00+00:00,5
2015-09-26T03:48:00+00:00,5
2015-09-26T03:54:00+00:00,5
2015-09-26T04:00:00+00:00,5
2015-09-26T04:06:00+00:00,6
2015-09-26T04:12:00+00:00,6
2015-09-26T04:18:00+00:00,6
2015-09-26T04:24:00+00:00,6
2015-09-26T04:30:00+00:00,6
2015-09-26T04:36:00+00:00,6
2015-09-26T04:42:00+00:00,5
2015-09-26T04:48:00+00:00,5
2015-09-26T04:54:00+00:00,6
2015-09-26T05:00:00+00:00,5
2015-09-26T05:06:00+00:00,6
2015-09-26T05:12:00+00:00,6
2015-09-26T05:18:00+00:00,6
2015-09-26T05:24:00+00:00,6
2015-09-26T05:30:00+00:00,6
2015-09-26T05:36:00+00:00,5
2015-09-26T05:42:00+00:00,5
2015-09-26T05:48:00+00:00,5
2015-09-26T05:54:00+00:00,5
2015-09-26T06:00:00+00:00,5
2015-09-26T06:06:00+00:00,6
2015-09-26T06:12:00+00:00,6
2015-09-26T06:18:00+00:00,6
2015-09-26T06:24:00+00:00,6
2015-09-26T06:30:00+00:00,6
2015-09-26T06:36:00+00:00,6
2015-09-26T06:42:00+00:00,6
2015-09-26T06:48:00+00:00,6
2015-09-26T06:54:00+00:00,5
2015-09-26T07:00:00+00:00,6
2015-09-26T07:06:00+00:00,6
2015-09-26T07:12:00+00:00,6
2015-09-26T07:18:00+00:00,6
2015-09-26T07:24:00+00:00,6
2015-09-26T07:30:00+00:00,6
2015-09-26T07:36:00+00:00,6
2015-09-26T07:42:00+00:00,6
2015-09-26T07:48:00+00:00,6
2015-09-26T07:54:00+00:00,6
2015-09-26T08:00:00+00:00,5
2015-09-26T08:06:00+00:00,6
2015-09-26T08:12:00+00:00,6
2015-09-26T08:18:00+00:00,6
2015-09-26T08:24:00+00:00,6
2015-09-26T08:30:00+00:00,6
2015-09-26T08:36:00+00:00,6
2015-09-26T08:42:00+00:00,6
2015-09-26T08:48:00+00:00,6
2015-09-26T08:54:00+00:00,5
2015-09-26T09:00:00+00:00,6
2015-09-26T09:06:00+00:00,6
2015-09-26T09:12:00+00:00,6
2015-09-26T09:18:00+00:00,6
2015-09-26T09:24:00+00:00,6
2015-09-26T09:30:00+00:00,6
2015-09-26T09:36:00+00:00,6
2015-09-26T09:42:00+00:00,6
2015-09-26T09:48:00+00:00,6
2015-09-26T09:54:00+00:00,6
2015-09-26T10:00:00+00:00,6
2015-09-26T10:06:00+00:00,6
2015-09-26T10:12:00+00:00,6
2015-09-26T10:18:00+00:00,7
2015-09-26T10:24:00+00:00,6
2015-09-26T10:30:00+00:00,6
2015-09-26T10:36:00+00:00,6
2015-09-26T10:42:00+00:00,6
2015-09-26T10:48:00+00:00,6
2015-09-26T10:54:00+00:00,6
2015-09-26T11:00:00+00:00,6
2015-09-26T11:06:00+00:00,6
2015-09-26T11:12:00+00:00,6
2015-09-26T11:18:00+00:00,6
2015-09-26T11:24:00+00:00,7
2015-09-26T11:30:00+00:00,6
2015-09-26T11:36:00+00:00,6
2015-09-26T11:42:00+00:00,6
2015-09-26T11:48:00+00:00,6
2015-09-26T11:54:00+00:00,6
2015-09-26T12:00:00+00:00,5
2015-09-26T12:06:00+00:00,6
2015-09-26T12:12:00+00:00,7
2015-09-26T12:18:00+00:00,7
2015-09-26T12:24:00+00:00,6
2015-09-26T12:30:00+00:00,6
2015-09-26T12:36:00+00:00,6
2015-09-26T12:42:00+00:00,6
2015-09-26T12:48:00+00:00,7
2015-09-26T12:54:00+00:00,6
2015-09-26T13:00:00+00:00,6
2015-09-26T13:06:00+00:00,6
2015-09-26T13:12:00+00:00,7
2015-09-26T13:18:00+00:00,7
2015-09-26T13:24:00+00:00,7
2015-09-26T13:30:00+00:00,7
2015-09-26T13:36:00+00:00,7
2015-09-26T13:42:00+00:00,6
2015-09-26T13:48:00+00:00,6
2015-09-26T13:54:00+00:00,6
2015-09-26T14:00:00+00:00,6
2015-09-26T14:06:00+00:00,7
2015-09-26T14:12:00+00:00,7
2015-09-26T14:18:00+00:00,7
2015-09-26T14:24:00+00:00,7
2015-09-26T14:30:00+00:00,7
2015-09-26T14:36:00+00:00,7
2015-09-26T14:42:00+00:00,7
2015-09-26T14:48:00+00:00,7
2015-09-26T14:54:00+00:00,6
2015-09-26T15:00:00+00:00,6
2015-09-26T15:06:00+00:00,7
2015-09-26T15:12:00+00:00,7
2015-09-26T15:18:00+00:00,7
2015-09-26T15:24:00+00:00,7
2015-09-26T15:30:00+00:00,7
2015-09-26T15:36:00+00:00,7
2015-09-26T15:42:00+00:00,7
2015-09-26T15:48:00+00:00,6
2015-09-26T15:54:00+00:00,6
2015-09-26T16:00:00+00:00,6
2015-09-26T16:06:00+00:00,7
2015-09-26T16:12:00+00:00,7
2015-09-26T16:18:00+00:00,7
2015-09-26T16:24:00+00:00,7
2015-09-26T16:30:00+00:00,7
2015-09-26T16:36:00+00:00,7
2015-09-26T16:42:00+00:00,7
2015-09-26T16:48:00+00:00,7
2015-09-26T16:54:00+00:00,7
2015-09-26T17:00:00+00:00,7
2015-09-26T17:06:00+00:00,7
2015-09-26T17:12:00+00:00,8
2015-09-26T17:18:00+00:00,8
2015-09-26T17:24:00+00:00,8
2015-09-26T17:30:00+00:00,7
2015-09-26T17:36:00+00:00,7
2015-09-26T17:42:00+00:00,7
2015-09-26T17:48:00+00:00,7
2015-09-26T17:54:00+00:00,7
2015-09-26T18:00:00+00:00,7
2015-09-26T18:06:00+00:00,7
2015-09-26T18:12:00+00:00,8
2015-09-26T18:18:00+00:00,8
2015-09-26T18:24:00+00:00,8
2015-09-26T18:30:00+00:00,7
2015-09-26T18:36:00+00:00,7
2015-09-26T18:42:00+00:00,7
2015-09-26T18:48:00+00:00,7
2015-09-26T18:54:00+00:00,7
2015-09-26T19:00:00+00:00,7
2015-09-26T19:06:00+00:00,7
2015-09-26T19:12:00+00:00,8
2015-09-26T19:18:00+00:00,7
2015-09-26T19:24:00+00:00,7
2015-09-26T19:30:00+00:00,7
2015-09-26T19:36:00+00:00,7
2015-09-26T19:42:00+00:00,7
2015-09-26T19:48:00+00:00,7
2015-09-26T19:54:00+00:00,7
2015-09-26T20:00:00+00:00,7
2015-09-26T20:06:00+00:00,7
2015-09-26T20:12:00+00:00,8
2015-09-26T20:18:00+00:00,8
2015-09-26T20:24:00+00:00,8
2015-09-26T20:30:00+00:00,7
2015-09-26T20:36:00+00:00,7
2015-09-26T20:42:00+00:00,7
2015-09-26T20:48:00+00:00,7
2015-09-26T20:54:00+00:00,7
2015-09-26T21:00:00+00:00,7
2015-09-26T21:06:00+00:00,7
2015-09-26T21:12:00+00:00,8
2015-09-26T21:18:00+00:00,7
2015-09-26T21:24:00+00:00,7
2015-09-26T21:30:00+00:00,7
2015-09-26T21:36:00+00:00,7
2015-09-26T21:42:00+00:00,7
2015-09-26T21:48:00+00:00,7
2015-09-26T21:54:00+00:00,6
2015-09-26T22:00:00+00:00,6
2015-09-26T22:06:00+00:00,7
2015-09-26T22:12:00+00:00,7
2015-09-26T22:18:00+00:00,7
2015-09-26T22:24:00+00:00,7
2015-09-26T22:30:00+00:00,7
2015-09-26T22:36:00+00:00,7
2015-09-26T22:42:00+00:00,7
2015-09-26T22:48:00+00:00,6
2015-09-26T22:54:00+00:00,6
2015-09-26T23:00:00+00:00,6
2015-09-26T23:06:00+00:00,6
2015-09-26T23:12:00+00:00,7
2015-09-26T23:18:00+00:00,6
2015-09-26T23:24:00+00:00,7
2015-09-26T23:30:00+00:00,6
2015-09-26T23:36:00+00:00,6
2015-09-26T23:42:00+00:00,6
2015-09-26T23:48:00+00:00,6
2015-09-26T23:54:00+00:00,6
2015-09-27T00:00:00+00:00,6
2015-09-27T00:06:00+00:00,6
2015-09-27T00:12:00+00:00,7
2015-09-27T00:18:00+00:00,6
2015-09-27T00:24:00+00:00,6
2015-09-27T00:30:00+00:00,6
2015-09-27T00:36:00+00:00,6
2015-09-27T00:42:00+00:00,6
2015-09-27T00:48:00+00:00,6
2015-09-27T00:54:00+00:00,6
2015-09-27T01:00:00+00:00,6
2015-09-27T01:06:00+00:00,6
2015-09-27T01:12:00+00:00,6
2015-09-27T01:18:00+00:00,6
2015-09-27T01:24:00+00:00,6
2015-09-27T01:30:00+00:00,6
2015-09-27T01:36:00+00:00,5
2015-09-27T01:42:00+00:00,5
2015-09-27T01:48:00+00:00,6
2015-09-27T01:54:00+00:00,6
2015-09-27T02:00:00+00:00,6
2015-09-27T02:06:00+00:00,6
2015-09-27T02:12:00+00:00,6
2015-09-27T02:18:00+00:00,6
2015-09-27T02:24:00+00:00,6
2015-09-27T02:30:00+00:00,6
2015-09-27T02:36:00+00:00,6
2015-09-27T02:42:00+00:00,6
2015-09-27T02:48:00+00:00,6
2015-09-27T02:54:00+00:00,6
2015-09-27T03:00:00+00:00,5
2015-09-27T03:06:00+00:00,6
2015-09-27T03:12:00+00:00,6
2015-09-27T03:18:00+00:00,6
2015-09-27T03:24:00+00:00,6
2015-09-27T03:30:00+00:00,6
2015-09-27T03:36:00+00:00,6
2015-09-27T03:42:00+00:00,6
2015-09-27T03:48:00+00:00,6
2015-09-27T03:54:00+00:00,5
2015-09-27T04:00:00+00:00,5
2015-09-27T04:06:00+00:00,6
2015-09-27T04:12:00+00:00,6
2015-09-27T04:18:00+00:00,6
2015-09-27T04:24:00+00:00,6
2015-09-27T04:30:00+00:00,6
2015-09-27T04:36:00+00:00,6
2015-09-27T04:42:00+00:00,5
2015-09-27T04:48:00+00:00,6
2015-09-27T04:54:00+00:00,6
2015-09-27T05:00:00+00:00,5
2015-09-27T05:06:00+00:00,6
2015-09-27T05:12:00+00:00,6
2015-09-27T05:18:00+00:00,6
2015-09-27T05:24:00+00:00,6
2015-09-27T05:30:00+00:00,6
2015-09-27T05:36:00+00:00,6
2015-09-27T05:42:00+00:00,5
2015-09-27T05:48:00+00:00,6
2015-09-27T05:54:00+00:00,6
2015-09-27T06:00:00+00:00,5
2015-09-27T06:06:00+00:00,6
2015-09-27T06:12:00+00:00,6
2015-09-27T06:18:00+00:00,6
2015-09-27T06:24:00+00:00,6
2015-09-27T06:30:00+00:00,6
2015-09-27T06:36:00+00:00,6
2015-09-27T06:42:00+00:00,6
2015-09-27T06:48:00+00:00,6
2015-09-27T06:54:00+00:00,6
2015-09-27T07:00:00+00:00,6
2015-09-27T07:06:00+00:00,6
2015-09-27T07:12:00+00:00,6
2015-09-27T07:18:00+00:00,6
2015-09-27T07:24:00+00:00,6
2015-09-27T07:30:00+00:00,6
2015-09-27T07:36:00+00:00,6
2015-09-27T07:42:00+00:00,6
2015-09-27T07:48:00+00:00,6
2015-09-27T07:54:00+00:00,6
2015-09-27T08:00:00+00:00,6
2015-09-27T08:06:00+00:00,6
2015-09-27T08:12:00+00:00,6
2015-09-27T08:18:00+00:00,6
2015-09-27T08:24:00+00:00,6
2015-09-27T08:30:00+00:00,6
2015-09-27T08:36:00+00:00,6
2015-09-27T08:42:00+00:00,5
2015-09-27T08:48:00+00:00,6
2015-09-27T08:54:00+00:00,6
2015-09-27T09:00:00+00:00,5
2015-09-27T09:06:00+00:00,6
2015-09-27T09:12:00+00:00,6
2015-09-27T09:18:00+00:00,6
2015-09-27T09:24:00+00:00,6
2015-09-27T09:30:00+00:00,6
2015-09-27T09:36:00+00:00,6
2015-09-27T09:42:00+00:00,6
2015-09-27T09:48:00+00:00,6
2015-09-27T09:54:00+00:00,6
2015-09-27T10:00:00+00:00,5
2015-09-27T10:06:00+00:00,6
2015-09-27T10:12:00+00:00,6
2015-09-27T10:18:00+00:00,7
2015-09-27T10:24:00+00:00,6
2015-09-27T10:30:00+00:00,6
2015-09-27T10:36:00+00:00,6
2015-09-27T10:42:00+00:00,6
2015-09-27T10:48:00+00:00,6
2015-09-27T10:54:00+00:00,6
2015-09-27T11:00:00+00:00,6
2015-09-27T11:06:00+00:00,6
2015-09-27T11:12:00+00:00,6
2015-09-27T11:18:00+00:00,6
2015-09-27T11:24:00+00:00,6
2015-09-27T11:30:00+00:00,6
2015-09-27T11:36:00+00:00,6
2015-09-27T11:42:00+00:00,6
2015-09-27T11:48:00+00:00,6
2015-09-27T11:54:00+00:00,6
2015-09-27T12:00:00+00:00,6
2015-09-27T12:06:00+00:00,6
2015-09-27T12:12:00+00:00,6
2015-09-27T12:18:00+00:00,7
2015-09-27T12:24:00+00:00,7
2015-09-27T12:30:00+00:00,6
2015-09-27T12:36:00+00:00,6
2015-09-27T12:42:00+00:00,6
2015-09-27T12:48:00+00:00,6
2015-09-27T12:54:00+00:00,6
2015-09-27T13:00:00+00:00,6
2015-09-27T13:06:00+00:00,7
2015-09-27T13:12:00+00:00,7
2015-09-27T13:18:00+00:00,7
2015-09-27T13:24:00+00:00,7
2015-09-27T13:30:00+00:00,7
2015-09-27T13:36:00+00:00,7
2015-09-27T13:42:00+00:00,7
2015-09-27T13:48:00+00:00,6
2015-09-27T13:54:00+00:00,6
2015-09-27T14:00:00+00:00,7
2015-09-27T14:06:00+00:00,7
2015-09-27T14:12:00+00:00,8
2015-09-27T14:18:00+00:00,8
2015-09-27T14:24:00+00:00,8
2015-09-27T14:30:00+00:00,7
2015-09-27T14:36:00+00:00,7
2015-09-27T14:42:00+00:00,7
2015-09-27T14:48:00+00:00,7
2015-09-27T14:54:00+00:00,7
2015-09-27T15:00:00+00:00,7
2015-09-27T15:06:00+00:00,7
2015-09-27T15:12:00+00:00,8
2015-09-27T15:18:00+00:00,8
2015-09-27T15:24:00+00:00,8
2015-09-27T15:30:00+00:00,7
2015-09-27T15:36:00+00:00,7
2015-09-27T15:42:00+00:00,7
2015-09-27T15:48:00+00:00,7
2015-09-27T15:54:00+00:00,7
2015-09-27T16:00:00+00:00,7
2015-09-27T16:06:00+00:00,7
2015-09-27T16:12:00+00:00,8
2015-09-27T16:18:00+00:00,8
2015-09-27T16:24:00+00:00,8
2015-09-27T16:30:00+00:00,7
2015-09-27T16:36:00+00:00,7
2015-09-27T16:42:00+00:00,7
2015-09-27T16:48:00+00:00,7
2015-09-27T16:54:00+00:00,7
2015-09-27T17:00:00+00:00,7
2015-09-27T17:06:00+00:00,7
2015-09-27T17:12:00+00:00,8
2015-09-27T17:18:00+00:00,8
2015-09-27T17:24:00+00:00,8
2015-09-27T17:30:00+00:00,7
2015-09-27T17:36:00+00:00,7
2015-09-27T17:42:00+00:00,7
2015-09-27T17:48:00+00:00,7
2015-09-27T17:54:00+00:00,7
2015-09-27T18:00:00+00:00,7
2015-09-27T18:06:00+00:00,7
2015-09-27T18:12:00+00:00,8
2015-09-27T18:18:00+00:00,8
2015-09-27T18:24:00+00:00,8
2015-09-27T18:30:00+00:00,7
2015-09-27T18:36:00+00:00,7
2015-09-27T18:42:00+00:00,7
2015-09-27T18:48:00+00:00,7
2015-09-27T18:54:00+00:00,7
2015-09-27T19:00:00+00:00,7
2015-09-27T19:06:00+00:00,7
2015-09-27T19:12:00+00:00,8
2015-09-27T19:18:00+00:00,8
2015-09-27T19:24:00+00:00,8
2015-09-27T19:30:00+00:00,8
2015-09-27T19:36:00+00:00,8
2015-09-27T19:42:00+00:00,7
2015-09-27T19:48:00+00:00,7
2015-09-27T19:54:00+00:00,7
2015-09-27T20:00:00+00:00,7
2015-09-27T20:06:00+00:00,7
2015-09-27T20:12:00+00:00,8
2015-09-27T20:18:00+00:00,8
2015-09-27T20:24:00+00:00,8
2015-09-27T20:30:00+00:00,8
2015-09-27T20:36:00+00:00,7
2015-09-27T20:42:00+00:00,7
2015-09-27T20:48:00+00:00,7
2015-09-27T20:54:00+00:00,7
2015-09-27T21:00:00+00:00,7
2015-09-27T21:06:00+00:00,7
2015-09-27T21:12:00+00:00,7
2015-09-27T21:18:00+00:00,7
2015-09-27T21:24:00+00:00,7
2015-09-27T21:30:00+00:00,7
2015-09-27T21:36:00+00:00,6
2015-09-27T21:42:00+00:00,6
2015-09-27T21:48:00+00:00,6
2015-09-27T21:54:00+00:00,6
2015-09-27T22:00:00+00:00,6
2015-09-27T22:06:00+00:00,7
2015-09-27T22:12:00+00:00,7
2015-09-27T22:18:00+00:00,7
2015-09-27T22:24:00+00:00,7
2015-09-27T22:30:00+00:00,7
2015-09-27T22:36:00+00:00,7
2015-09-27T22:42:00+00:00,6
2015-09-27T22:48:00+00:00,6
2015-09-27T22:54:00+00:00,6
2015-09-27T23:00:00+00:00,6
2015-09-27T23:06:00+00:00,7
2015-09-27T23:12:00+00:00,6
2015-09-27T23:18:00+00:00,7
2015-09-27T23:24:00+00:00,6
2015-09-27T23:30:00+00:00,6
2015-09-27T23:36:00+00:00,6
2015-09-27T23:42:00+00:00,6
2015-09-27T23:48:00+00:00,6
2015-09-27T23:54:00+00:00,6
